id,start_day,start_month,start_year,start_hour,start_minute,duration,driver_id,passenger_id,bank_confirmation_id
0,8,10,2021,13,24,59,52321,232980727,1008980558871
1,9,10,2021,2,23,58,84273,815674473,1036596969958
2,22,10,2021,22,13,77,17491,552460589,1087139588899
3,9,10,2021,5,6,23,62022,430351452,1095833685372
4,24,10,2021,9,58,74,19724,232980727,1140053626171
5,17,10,2021,5,37,13,25936,935645698,1207129146522
6,29,10,2021,3,29,58,53551,774865310,1214337726223
7,2,10,2021,16,3,80,34646,492684609,1252127585823
8,6,10,2021,4,8,81,89602,983514212,1282099466320
9,27,10,2021,23,14,44,92008,776930518,1357609110058
10,21,10,2021,11,17,20,52367,243751820,1461346908779
11,7,10,2021,21,37,64,17194,434635259,1477470306341
12,23,10,2021,3,49,81,53808,892679974,1518619180444
13,26,10,2021,16,24,36,76785,780285026,1574914216492
14,13,10,2021,9,49,40,48331,429905560,1687236087365
15,28,10,2021,18,56,66,55600,246283162,1789961948204
16,12,10,2021,14,12,16,89699,775371466,1898384530816
17,23,10,2021,11,3,59,97667,550091061,1918583322571
18,15,10,2021,4,34,20,62022,246283162,1927197258606
19,4,10,2021,19,3,73,48331,321385091,1996091992301
20,12,10,2021,16,58,79,80958,859056236,2008051019430
21,28,10,2021,11,23,68,58276,497182337,2049996731510
22,15,10,2021,11,34,67,14400,523733047,2097817580459
23,21,10,2021,18,58,55,14400,622975097,2256960637540
24,22,10,2021,8,31,60,78464,243817010,2266643202321
25,12,10,2021,15,43,68,79971,29982919,2288400684918
26,7,10,2021,15,28,33,86856,550091061,2331891805045
27,1,10,2021,15,44,79,79971,696092852,2366898662892
28,8,10,2021,23,2,49,72797,508978954,2379497240384
29,29,10,2021,19,56,65,52995,558901802,2407037061234
30,11,10,2021,15,51,80,76785,434635259,2407816120250
31,2,10,2021,14,36,61,73566,46347560,2485860782156
32,18,10,2021,13,6,43,30514,122126745,2491922847404
33,15,10,2021,17,54,49,94173,886853672,2514679798832
34,10,10,2021,20,44,15,55412,651567350,2562668620530
35,10,10,2021,21,48,68,25936,619926613,2587697549329
36,15,10,2021,5,29,78,69159,628820382,2639126805284
37,24,10,2021,3,33,61,30514,839094310,2651261328461
38,19,10,2021,17,41,43,72797,519593345,2797381722424
39,25,10,2021,12,6,23,94359,627432715,2798941261979
40,3,10,2021,23,25,47,77410,827915731,2839444856158
41,19,10,2021,4,32,31,89602,886853672,2855796992777
42,22,10,2021,1,27,62,54002,523733047,2887695076469
43,5,10,2021,21,25,39,14400,568854407,2887810658881
44,28,10,2021,18,13,60,92008,217579647,2916971115952
45,28,10,2021,1,29,47,89699,955213400,2982237505807
46,20,10,2021,18,10,49,43944,48928421,3021578855236
47,18,10,2021,13,56,77,94788,120741981,3049788656439
48,1,10,2021,17,40,65,61194,454818753,3109254735481
49,5,10,2021,19,22,21,37136,63199690,3225559972452
50,3,10,2021,18,46,66,37224,779219962,3256925920215
51,3,10,2021,9,47,35,17491,538046982,3294820968277
52,15,10,2021,3,8,47,94173,957500127,3385415712233
53,1,10,2021,2,35,56,17491,204989490,3449373655307
54,2,10,2021,17,59,39,47621,591385925,3475513317060
55,27,10,2021,22,47,63,79971,296464593,3506789798336
56,12,10,2021,13,29,41,70732,845400299,3551329254694
57,10,10,2021,16,30,65,37955,160589762,3595504975727
58,22,10,2021,17,57,63,52224,823830403,3612397668344
59,17,10,2021,21,2,26,79473,851713029,3742329288537
60,9,10,2021,17,39,76,61300,995665771,4025120195950
61,20,10,2021,12,26,52,47621,335098381,4027751226913
62,4,10,2021,23,35,40,73566,662197419,4095898943751
63,23,10,2021,5,56,42,66979,832078994,4165812021705
64,29,10,2021,3,44,16,52995,919496561,4191516943750
65,15,10,2021,2,31,55,77410,695495429,4201082205183
66,29,10,2021,2,45,81,53936,230714677,4226148006364
67,23,10,2021,2,4,36,43976,827915731,4339093305613
68,2,10,2021,13,40,70,78464,211935742,4403826780095
69,17,10,2021,4,8,16,34646,467212754,4430688696151
70,7,10,2021,8,43,29,19595,545813177,4437200019555
71,23,10,2021,7,49,20,73884,545813177,4455775432527
72,8,10,2021,13,1,50,48331,872804852,4487368486493
73,19,10,2021,18,14,19,37962,491667491,4498702711572
74,2,10,2021,6,24,47,75985,863497278,4587348953519
75,4,10,2021,14,55,63,34646,347934026,4843502578881
76,5,10,2021,6,31,28,80958,970581988,4856053043381
77,28,10,2021,8,24,77,53936,202716016,4857728136615
78,6,10,2021,1,6,77,13569,178374901,4950884622131
79,1,10,2021,5,3,44,25936,751896458,4999557012442
80,6,10,2021,18,11,77,77789,922040300,5062336533913
81,16,10,2021,4,23,54,40286,271128503,5070725912114
82,15,10,2021,9,55,60,86165,751454920,5139415817119
83,25,10,2021,17,57,57,62167,510244277,5211956665969
84,25,10,2021,21,37,18,61194,518141310,5225981134166
85,6,10,2021,4,22,57,72007,935645698,5313075736501
86,22,10,2021,0,54,58,99833,682499837,5328599058024
87,14,10,2021,21,15,62,86272,584362699,5342118501456
88,17,10,2021,4,35,48,86272,14010713,5384854391875
89,7,10,2021,16,20,17,46930,875700352,5426693191723
90,24,10,2021,4,29,77,91338,733402386,5441026760200
91,19,10,2021,13,36,21,40286,148577309,5462910832939
92,10,10,2021,2,5,40,94788,857983750,5468739038701
93,17,10,2021,10,57,29,52321,432317393,5564667231017
94,26,10,2021,20,48,38,17491,297451973,5630529874225
95,17,10,2021,23,37,59,30146,645994419,5695525325086
96,14,10,2021,17,17,51,37224,258361756,5754863449064
97,21,10,2021,22,21,73,86856,622975097,5759330602497
98,23,10,2021,1,9,40,75985,21178062,5837573568147
99,4,10,2021,23,37,61,15512,595464575,5888364376572
100,23,10,2021,3,6,31,64059,482620757,5890184080917
101,3,10,2021,4,6,52,73884,786414752,5926374728000
102,28,10,2021,15,18,76,72216,792137558,5978559146057
103,15,10,2021,16,4,53,17666,17277841,6052439096160
104,28,10,2021,4,33,64,53808,53539697,6079476938754
105,3,10,2021,1,54,48,19724,648198553,6123417479344
106,15,10,2021,20,13,24,70732,347021100,6136391230958
107,7,10,2021,19,13,20,69159,167507432,6220294816893
108,11,10,2021,5,34,20,84012,875916792,6236805289113
109,13,10,2021,17,54,32,48653,734575778,6284322321583
110,4,10,2021,18,3,22,37955,984927673,6309585283586
111,30,10,2021,13,37,32,13569,110910677,6316779123408
112,1,10,2021,13,11,79,37962,719056205,6318011422560
113,7,10,2021,20,27,65,30312,235414544,6337588457733
114,20,10,2021,8,32,31,94173,475476764,6445749592979
115,7,10,2021,9,46,63,72797,230483171,6489563623870
116,11,10,2021,23,48,18,46930,386492417,6533834190748
117,12,10,2021,22,29,52,72007,243702874,6551511878257
118,5,10,2021,19,52,65,30312,428530131,6574828278634
119,11,10,2021,9,22,40,72216,672192038,6614948262903
120,2,10,2021,0,8,32,72797,53539697,6624385973054
121,5,10,2021,10,55,73,73566,217591953,6700767669677
122,16,10,2021,19,54,66,19724,489470337,6776033326889
123,29,10,2021,21,21,72,91338,445917978,6809514211072
124,28,10,2021,19,0,17,47621,217591953,6818335039062
125,11,10,2021,13,55,51,17491,46347560,6830846044400
126,21,10,2021,4,27,17,75985,875916792,6893133466005
127,3,10,2021,8,48,41,61300,259398851,6904433910449
128,30,10,2021,3,38,65,98420,821352231,6940083629382
129,25,10,2021,23,38,71,61300,14181253,6999284879879
130,28,10,2021,14,19,53,55412,824462479,7008162403671
131,24,10,2021,8,46,34,30146,54517458,7017580031299
132,26,10,2021,1,10,44,50312,662197419,7043806327439
133,25,10,2021,20,24,22,37224,651567350,7078184283896
134,30,10,2021,21,54,74,92008,625226378,7131023967625
135,12,10,2021,6,44,12,19595,78856994,7132271591377
136,5,10,2021,18,43,72,86856,751896458,7154832859180
137,27,10,2021,7,7,60,94788,615295584,7253122213695
138,5,10,2021,5,24,24,30681,258622231,7338672947783
139,27,10,2021,0,2,58,72295,779353856,7383802907342
140,6,10,2021,8,31,47,80958,173062182,7403892284731
141,6,10,2021,3,9,21,47508,821352231,7560831477108
142,1,10,2021,3,11,57,47621,461061271,7607128217502
143,7,10,2021,20,52,53,52995,120741981,7665330968922
144,9,10,2021,6,52,31,84012,519593345,7706433214028
145,3,10,2021,14,59,33,55600,977436426,7753978995544
146,18,10,2021,8,22,79,39722,30028434,7761511035876
147,15,10,2021,12,30,54,17194,799540856,7857927427214
148,22,10,2021,23,19,57,27237,553275122,7897199771939
149,9,10,2021,2,54,42,14400,485140805,7938679139342
150,8,10,2021,12,4,59,13569,449854611,7938923159454
151,28,10,2021,23,51,53,37962,411285987,7966472288913
152,23,10,2021,21,5,31,53936,429905560,8019802696666
153,15,10,2021,23,14,16,61300,110910677,8090711987726
154,4,10,2021,6,10,18,70797,65099909,8096919029306
155,26,10,2021,13,14,75,48653,757786741,8106531193378
156,15,10,2021,5,52,20,78464,415353298,8136772029565
157,7,10,2021,1,55,44,43976,778090323,8216075431770
158,7,10,2021,19,38,32,30146,467212754,8249443068620
159,16,10,2021,19,1,31,17194,35660446,8272429734763
160,4,10,2021,14,51,77,37136,510734887,8315247127419
161,27,10,2021,21,8,81,76785,151589369,8361048010421
162,30,10,2021,18,59,21,91338,510244277,8399821374195
163,19,10,2021,15,3,31,25936,239757411,8430381198190
164,8,10,2021,17,8,35,55600,133308137,8478488373967
165,16,10,2021,17,43,24,12234,523733047,8487698067163
166,19,10,2021,8,17,24,14400,492684609,8530783985882
167,15,10,2021,21,24,32,46930,640620420,8559674291429
168,26,10,2021,1,17,39,86856,258239217,8576738875036
169,13,10,2021,21,30,18,13569,124587344,8593509271113
170,24,10,2021,11,8,63,61300,972112657,8605615639579
171,1,10,2021,14,12,24,19724,908139244,8620450196843
172,29,10,2021,8,44,22,94788,956287551,8675324292649
173,16,10,2021,14,7,39,42153,468708037,8707751957452
174,25,10,2021,8,17,40,94173,570713959,8753803994613
175,11,10,2021,12,49,45,94359,280170247,8814026956499
176,1,10,2021,19,53,40,84012,415353298,8829380422526
177,12,10,2021,12,56,14,47508,114177832,8848293687777
178,8,10,2021,7,41,77,53808,56362710,8914616352979
179,7,10,2021,10,29,53,27237,562197382,8919861197412
180,26,10,2021,15,40,12,91338,226714859,8962755218841
181,12,10,2021,6,57,22,15512,813665693,8977474180098
182,17,10,2021,7,51,39,75985,235414544,8982592814338
183,18,10,2021,7,34,34,98683,98541592,9019215659419
184,11,10,2021,6,38,62,41947,302560942,9020084523386
185,6,10,2021,5,41,46,80958,80362124,9118535342205
186,8,10,2021,18,58,74,52224,182731481,9244503696543
187,11,10,2021,19,17,68,49213,629097771,9268645343751
188,18,10,2021,14,3,79,27237,335098381,9274376652653
189,19,10,2021,14,40,15,56830,122755251,9326717061933
190,1,10,2021,1,49,27,48653,670433148,9403690675705
191,24,10,2021,15,8,28,97857,959798240,9478054675214
192,8,10,2021,22,4,18,72797,283935497,9501324528713
193,17,10,2021,1,23,17,53936,408073114,9544282034284
194,27,10,2021,5,6,28,98420,47987356,9709629556478
195,6,10,2021,19,31,23,19724,771415939,9730227761840
196,1,10,2021,12,58,12,94359,762932697,9866788652966
197,15,10,2021,0,39,55,13523,210342063,9868693049166
198,22,10,2021,19,25,23,37955,80362124,9932893441362
199,20,10,2021,2,50,34,76076,510398649,10017961394938
200,22,10,2021,22,23,55,94359,892679974,10057824436857
201,26,10,2021,20,56,46,30681,54654463,10145400033728
202,25,10,2021,10,2,13,73566,220667007,10205500197195
203,27,10,2021,9,56,19,78464,431449629,10227034852480
204,4,10,2021,12,28,39,48653,826167473,10237866043389
205,9,10,2021,5,45,44,92008,14329989,10241001770856
206,29,10,2021,9,0,72,41947,824462479,10310788167808
207,30,10,2021,9,25,50,37955,264583002,10340325345545
208,2,10,2021,3,20,29,43976,289607942,10348501165755
209,23,10,2021,6,56,34,48331,888251691,10456284606870
210,9,10,2021,10,36,18,17194,935645698,10507845009665
211,25,10,2021,6,29,81,43976,681067146,10517311640226
212,1,10,2021,5,39,71,75340,95144240,10539800587130
213,3,10,2021,1,3,75,41947,434635259,10654943385049
214,14,10,2021,23,45,56,76785,804075708,10699789335422
215,28,10,2021,17,1,74,50312,589900968,10704489339393
216,20,10,2021,6,28,57,30681,178374901,10757327170270
217,28,10,2021,19,44,67,84273,272665901,10829345707936
218,9,10,2021,12,52,55,52367,95144240,10847049840947
219,2,10,2021,6,28,50,30514,721457262,10885048483778
220,10,10,2021,20,27,72,98683,778090323,11075326492826
221,10,10,2021,13,42,73,77789,275661655,11088163074665
222,26,10,2021,9,34,71,64059,244235048,11093052534777
223,14,10,2021,18,0,65,66787,325022122,11120088626644
224,25,10,2021,9,36,57,73566,605258308,11173672160603
225,15,10,2021,3,44,46,94788,237499836,11210883448940
226,11,10,2021,5,5,70,94173,869597965,11256365616658
227,5,10,2021,18,40,56,76076,825146821,11279937721451
228,4,10,2021,5,27,26,50312,261586997,11286447504779
229,23,10,2021,16,54,45,77410,196548229,11307445307140
230,27,10,2021,2,48,17,13523,350409623,11316710085725
231,8,10,2021,14,1,81,42153,17416885,11460499138623
232,26,10,2021,18,50,29,34646,480902502,11644031548092
233,3,10,2021,1,45,47,70732,226510591,11644957428468
234,9,10,2021,1,36,46,26179,892679974,11713942758245
235,27,10,2021,9,59,55,26179,558293490,11842275220204
236,16,10,2021,14,12,28,55412,959479680,11865106917800
237,13,10,2021,3,17,46,94173,490654290,11884208124308
238,29,10,2021,20,8,65,91338,577980628,11924666651850
239,11,10,2021,11,11,24,83340,193444699,11970303640767
240,22,10,2021,1,59,70,80958,474452000,12002146657603
241,14,10,2021,17,38,19,94173,786414752,12079822101606
242,7,10,2021,0,17,23,12698,543931567,12104885468102
243,18,10,2021,12,54,23,10487,53539697,12105042080014
244,20,10,2021,6,10,52,30146,321190883,12155206943507
245,2,10,2021,23,14,80,52321,79248483,12170559095062
246,10,10,2021,19,53,57,49213,617663207,12178310912939
247,23,10,2021,14,12,36,84012,775371466,12190681363486
248,15,10,2021,0,47,52,52224,196030767,12200809023342
249,18,10,2021,20,36,71,69159,994488630,12233138761452
250,14,10,2021,17,24,65,27237,165429645,12309196398238
251,22,10,2021,9,47,42,86272,567750430,12380555926242
252,22,10,2021,5,25,37,17194,64318968,12428015343222
253,29,10,2021,12,44,73,30514,964606841,12457152761246
254,12,10,2021,8,32,67,10487,632874041,12505902646226
255,30,10,2021,13,12,19,78464,563639085,12523872570270
256,22,10,2021,17,5,36,54559,282756363,12581526948397
257,6,10,2021,23,3,43,79473,302560942,12584980693685
258,30,10,2021,8,33,29,13523,80577376,12598173309889
259,30,10,2021,19,11,61,94788,907110032,12640413791947
260,12,10,2021,12,24,81,47621,939200382,12651665646886
261,27,10,2021,3,5,18,54559,875700352,12693670141383
262,16,10,2021,16,59,38,37224,179772439,12755369976932
263,26,10,2021,4,46,70,54002,244235048,12884151644176
264,18,10,2021,3,0,70,97857,156126534,12907586690471
265,22,10,2021,6,59,25,89699,351550703,12908055821139
266,4,10,2021,3,31,55,73884,823830403,13120312442154
267,19,10,2021,12,20,46,86856,182251855,13121320596938
268,2,10,2021,16,2,71,30681,704886193,13138351973005
269,1,10,2021,19,15,45,92008,475553181,13244081477858
270,23,10,2021,23,32,54,53936,729325504,13316487650715
271,11,10,2021,14,2,77,52321,283935497,13357230953965
272,26,10,2021,2,3,34,61194,857983750,13390238135090
273,26,10,2021,11,25,47,73566,232980727,13462264348778
274,28,10,2021,0,42,61,80958,994488630,13608392865270
275,9,10,2021,3,48,60,61300,916784970,13647077268366
276,18,10,2021,4,11,16,66979,713420594,13703330410290
277,20,10,2021,11,43,14,54559,859056236,13715129641387
278,21,10,2021,8,20,65,84012,15734688,13757814492968
279,13,10,2021,20,20,49,91338,27911835,13779006248909
280,1,10,2021,0,30,75,78464,712500819,13785237177263
281,4,10,2021,21,16,39,70732,179772439,13834247740276
282,11,10,2021,10,11,26,61300,27911835,13969412757801
283,3,10,2021,10,8,61,53808,265599761,14160448441840
284,25,10,2021,14,6,35,97857,862103374,14174251977154
285,15,10,2021,19,28,36,29043,428530131,14237256799207
286,9,10,2021,1,1,31,76357,572561553,14283016603415
287,12,10,2021,23,49,68,39722,167507432,14475725533903
288,9,10,2021,1,3,28,10487,35660446,14495248260434
289,30,10,2021,14,26,49,37962,813665693,14551238432855
290,29,10,2021,15,36,40,97667,30028434,14565116473243
291,8,10,2021,23,51,80,54002,398791081,14581833544632
292,20,10,2021,3,53,17,56830,799540856,14601837963707
293,14,10,2021,2,36,34,98683,179256100,14631345632131
294,17,10,2021,8,18,61,69159,605258308,14654241031560
295,12,10,2021,13,26,76,37955,779353856,14655877256448
296,26,10,2021,16,47,52,62167,536171819,14720995187874
297,23,10,2021,10,49,72,73566,770409590,14737189509502
298,28,10,2021,1,18,28,52224,497203862,14843884756337
299,23,10,2021,6,55,42,70797,843877244,14871994745280
300,24,10,2021,3,49,58,12698,98541592,14873339570722
301,8,10,2021,2,30,22,80958,169602843,14874452897158
302,27,10,2021,20,7,34,30681,628820382,14891318062160
303,19,10,2021,4,35,42,14400,320154256,14966737590151
304,3,10,2021,13,10,30,98683,606127675,14999842759401
305,15,10,2021,1,45,78,48331,56362710,15009965535303
306,1,10,2021,1,48,77,86856,591385925,15022421538565
307,17,10,2021,9,2,68,13523,982920611,15062668222430
308,7,10,2021,19,24,43,48653,149449261,15106891055706
309,19,10,2021,0,19,34,98683,15734688,15116982758932
310,21,10,2021,3,40,37,48331,434635259,15180070833122
311,22,10,2021,8,28,28,13569,485140805,15193744637064
312,30,10,2021,1,10,17,75340,326962536,15236009710939
313,17,10,2021,5,58,28,62022,17277841,15245705583741
314,2,10,2021,18,34,63,37136,402640928,15254599474323
315,25,10,2021,19,12,24,39722,689593400,15386890013524
316,25,10,2021,16,14,70,47508,918989675,15407631039087
317,3,10,2021,6,49,80,39722,655126207,15657871817928
318,27,10,2021,21,0,53,26179,839094310,15687611376703
319,9,10,2021,15,21,14,75340,313803597,15705863193009
320,11,10,2021,21,16,46,94788,661977170,15749632749777
321,18,10,2021,18,26,18,86165,29982919,15905763742623
322,5,10,2021,9,31,56,66787,775371466,15911140118347
323,16,10,2021,6,59,70,97667,490419707,15935810252753
324,15,10,2021,20,25,56,52995,402173583,15964831517603
325,20,10,2021,16,57,51,13569,393280126,16039955442241
326,26,10,2021,6,49,63,86272,430351452,16074863532631
327,28,10,2021,5,16,54,61300,995665771,16093295670689
328,6,10,2021,18,24,51,75985,19215086,16178318294701
329,8,10,2021,2,20,47,75340,475476764,16191304910468
330,24,10,2021,1,26,61,84012,955213400,16283234641335
331,7,10,2021,5,43,42,37224,42751333,16354457618287
332,9,10,2021,21,25,38,30146,491667491,16366962954602
333,19,10,2021,10,54,57,92008,683357270,16371495953952
334,2,10,2021,7,40,21,39722,859056236,16392654301927
335,10,10,2021,18,3,30,29043,235414544,16395382245051
336,1,10,2021,19,3,66,26179,499565172,16468918578360
337,19,10,2021,17,9,14,19595,483621525,16553380646305
338,20,10,2021,6,1,69,98683,415353298,16581725057790
339,18,10,2021,16,35,68,13523,570744710,16621312081929
340,29,10,2021,12,30,81,43976,350365434,16644392474364
341,23,10,2021,13,15,29,86272,776930518,16737558251367
342,18,10,2021,8,14,24,47621,468186737,16822776119607
343,19,10,2021,5,28,71,34646,21178062,16928613039290
344,16,10,2021,10,54,62,55412,757786741,16956782272210
345,28,10,2021,12,13,39,62167,26192902,17006515165635
346,16,10,2021,22,28,32,61194,340543869,17024365918563
347,2,10,2021,5,56,22,72797,510734887,17026448949930
348,21,10,2021,21,4,15,37962,351607589,17043188626759
349,16,10,2021,12,38,70,13569,545813177,17090773257906
350,17,10,2021,2,56,77,46930,283935497,17155609199870
351,23,10,2021,5,12,32,27237,204989490,17157665185885
352,23,10,2021,14,8,17,37136,716598833,17188356344401
353,4,10,2021,4,50,61,54559,471437385,17228941753699
354,1,10,2021,21,28,22,83340,297451973,17269154830253
355,7,10,2021,6,25,12,29043,603049217,17374796539309
356,19,10,2021,7,23,36,64059,280933259,17410966481499
357,16,10,2021,12,54,17,80958,907954001,17414965753471
358,2,10,2021,22,56,45,52995,386510936,17465804493276
359,4,10,2021,20,25,23,43976,235018731,17481416292445
360,23,10,2021,10,54,41,37136,827972640,17595914049778
361,29,10,2021,3,23,81,77410,565485561,17614034998743
362,4,10,2021,12,10,25,48331,732523689,17651229756033
363,1,10,2021,16,13,58,52367,106289408,17681405391393
364,14,10,2021,15,52,57,72007,839094310,17758377331703
365,13,10,2021,6,40,22,37224,510734887,17767079332831
366,1,10,2021,3,38,66,37253,889968872,17769651988699
367,2,10,2021,13,10,58,37224,740351458,17831907216695
368,14,10,2021,10,38,80,84273,951296355,17916281823715
369,22,10,2021,14,34,36,75340,15734688,17965657301134
370,13,10,2021,20,25,39,48331,275661655,17994689120565
371,23,10,2021,6,49,17,43976,95771258,18101275640185
372,13,10,2021,4,1,13,91338,259662462,18213890578773
373,18,10,2021,4,55,60,10487,869597965,18267045336275
374,6,10,2021,17,44,13,61194,257499233,18274565173936
375,12,10,2021,17,49,58,52321,835451713,18390561180869
376,16,10,2021,2,19,28,73884,479617595,18395346724167
377,18,10,2021,20,48,49,73566,484085537,18429251975815
378,5,10,2021,17,27,69,48331,843906365,18462810407288
379,4,10,2021,19,55,55,12698,730528280,18467434079702
380,17,10,2021,6,5,37,52367,302560942,18486263231889
381,1,10,2021,11,14,68,94173,235018731,18525875683353
382,13,10,2021,17,53,20,29043,485140805,18561936345468
383,26,10,2021,20,14,81,76076,716583890,18770010257097
384,17,10,2021,11,57,54,12698,110910677,18827462066113
385,8,10,2021,21,59,48,73884,483621525,18834261439564
386,21,10,2021,9,15,80,13523,428530131,18837012024401
387,20,10,2021,10,51,30,94173,151584835,18893257666381
388,24,10,2021,4,51,12,52995,564890206,18992910810811
389,21,10,2021,4,48,73,64059,748339253,19038521400985
390,13,10,2021,14,14,19,70797,827915731,19125879630098
391,2,10,2021,3,10,59,56830,591385925,19207486196401
392,19,10,2021,18,40,42,48331,750312973,19244760939982
393,26,10,2021,18,7,66,73566,259662462,19294595699451
394,24,10,2021,10,27,50,12698,827915731,19295868807931
395,10,10,2021,9,38,74,26179,197534432,19319211081598
396,26,10,2021,0,49,13,94173,394546964,19381757670078
397,19,10,2021,21,38,37,66979,377716719,19382058150637
398,30,10,2021,21,41,59,98683,402173583,19395894553074
399,3,10,2021,11,54,50,52995,853736363,19409436161064
400,9,10,2021,13,50,43,30312,289607942,19452409990628
401,21,10,2021,15,28,53,30681,750166107,19576480305942
402,28,10,2021,5,5,56,72295,178374901,19585306055753
403,13,10,2021,16,57,68,69159,291787805,19585824297274
404,10,10,2021,20,20,70,77789,79399612,19661269966715
405,7,10,2021,12,3,42,91338,751896458,19832228124129
406,24,10,2021,21,51,64,43976,506395209,19944954786192
407,2,10,2021,3,58,61,37253,78856994,20152546765508
408,18,10,2021,3,46,50,72007,563639085,20162760880915
409,5,10,2021,19,18,24,37955,751896458,20353942529038
410,25,10,2021,0,18,80,76785,682499837,20368182463630
411,29,10,2021,11,19,61,73566,966139812,20425687572123
412,13,10,2021,15,26,64,75985,95144240,20457798544376
413,12,10,2021,0,9,24,66787,965355057,20489797331942
414,24,10,2021,10,26,69,85792,843906365,20491538834826
415,20,10,2021,7,5,18,72797,553814582,20515550100435
416,10,10,2021,10,3,44,76357,27911835,20519807724612
417,3,10,2021,1,42,31,26179,786414752,20582662678137
418,24,10,2021,11,4,78,97667,276109453,20598164280435
419,23,10,2021,7,11,44,43976,142131607,20747928135987
420,5,10,2021,13,13,63,64059,606127675,20860336272859
421,20,10,2021,19,37,41,75340,384447686,20936594733374
422,5,10,2021,9,56,59,62022,220667007,20952065167732
423,15,10,2021,12,55,27,17491,940192845,21090864428864
424,2,10,2021,4,9,68,61300,778090323,21155765056511
425,2,10,2021,16,11,64,54002,568854407,21224540858604
426,22,10,2021,20,24,67,17666,321190883,21432672442658
427,19,10,2021,16,3,60,64059,845209621,21456496374640
428,28,10,2021,5,20,71,17491,271128503,21477169944813
429,28,10,2021,0,3,81,55600,288650367,21552619938064
430,28,10,2021,0,25,56,76785,182251855,21563578646922
431,14,10,2021,1,35,32,72797,999338525,21572870037680
432,27,10,2021,17,40,24,69159,940192845,21631599193931
433,5,10,2021,18,14,59,53936,326962536,21655250677750
434,6,10,2021,3,21,66,56830,368892208,21698192726768
435,9,10,2021,9,25,75,84273,662197419,21708410252756
436,21,10,2021,4,0,24,58276,142226865,21733849877827
437,12,10,2021,7,12,75,66979,993031080,21822449807382
438,27,10,2021,12,6,38,17491,398398726,21831124030703
439,27,10,2021,14,25,15,42153,48928421,21845301381778
440,25,10,2021,18,36,35,52321,211935742,21905579210939
441,10,10,2021,1,0,62,75340,803038136,22087685727416
442,9,10,2021,8,18,81,86165,553275122,22110112043916
443,19,10,2021,6,52,64,52995,820483104,22116259586688
444,7,10,2021,3,28,81,53936,572561553,22171115677483
445,14,10,2021,14,33,28,30514,479779576,22197828178987
446,24,10,2021,13,15,35,17491,415353298,22331083084153
447,4,10,2021,13,22,27,70797,193444699,22566489122052
448,15,10,2021,19,20,48,10487,48928421,22593564091900
449,5,10,2021,12,27,49,14400,886853672,22628100285597
450,22,10,2021,15,26,21,30312,182251855,22679336615118
451,16,10,2021,13,45,39,10487,558901802,22777589173477
452,24,10,2021,10,23,52,98420,250740683,22841982641785
453,8,10,2021,22,27,12,86272,489470337,22859058474588
454,17,10,2021,7,12,41,72216,167507432,22897325396280
455,11,10,2021,21,40,21,52995,179256100,22968332442499
456,12,10,2021,20,56,52,97667,98541592,23004593493024
457,29,10,2021,21,44,48,46930,17277841,23092500438778
458,26,10,2021,4,55,40,26179,46347560,23296712829067
459,9,10,2021,18,1,56,30514,744533550,23303368227668
460,12,10,2021,3,30,64,48331,241392169,23376017964890
461,23,10,2021,20,28,40,30681,217579647,23433564723751
462,16,10,2021,15,27,52,52321,198962222,23470817615711
463,23,10,2021,8,25,24,69159,766452564,23480802625597
464,18,10,2021,23,47,34,92008,595464575,23538107107208
465,8,10,2021,6,39,63,19724,121965159,23538587875813
466,10,10,2021,19,24,30,10487,835451713,23566810864427
467,4,10,2021,22,14,63,47508,445917978,23579963608670
468,21,10,2021,14,13,46,30146,280170247,23707194446998
469,28,10,2021,14,55,19,84273,125932953,23796945897257
470,27,10,2021,17,12,14,15512,839094310,23808731830152
471,5,10,2021,3,17,61,76076,955213400,23856338436326
472,30,10,2021,1,19,58,42153,318422450,23954783914283
473,24,10,2021,0,9,58,76785,238435779,23990835611033
474,22,10,2021,6,23,63,37955,272121565,24060844172556
475,4,10,2021,4,42,36,98683,407683915,24070468596518
476,12,10,2021,18,31,66,17194,826167473,24159299157108
477,14,10,2021,3,59,57,37224,267179127,24195618033511
478,2,10,2021,23,18,81,73884,563065152,24335366374221
479,17,10,2021,1,32,44,48653,202716016,24342171454205
480,21,10,2021,10,38,73,41947,919496561,24472701909135
481,24,10,2021,8,31,20,99833,285722245,24477587454585
482,10,10,2021,8,22,45,70732,364233871,24518243235322
483,24,10,2021,11,23,28,48331,80362124,24519123209750
484,14,10,2021,6,22,28,15512,951296355,24636237705298
485,4,10,2021,6,39,21,41947,54517458,24693570682028
486,9,10,2021,7,4,59,86165,91622977,24709064355331
487,8,10,2021,16,57,70,17491,984927673,24750054791899
488,13,10,2021,9,2,28,42153,802856871,24750078220653
489,22,10,2021,15,25,64,75985,218847883,24792082012049
490,9,10,2021,18,59,24,89699,635957763,24821192256675
491,6,10,2021,23,59,37,91338,268775387,24956445451750
492,6,10,2021,12,20,65,55412,837460715,25018174125362
493,3,10,2021,19,14,12,19595,875916792,25020533306215
494,27,10,2021,3,12,12,55412,322863259,25117512872610
495,3,10,2021,1,19,55,86856,351963839,25147892606952
496,13,10,2021,6,59,36,62022,564632294,25158706133298
497,1,10,2021,5,45,22,91338,356660638,25291893578151
498,1,10,2021,22,30,22,92008,510376020,25363671126418
499,7,10,2021,4,32,71,98420,617663207,25412288153278
500,20,10,2021,13,18,14,66979,58158254,25435245188930
501,23,10,2021,21,9,23,94359,564632294,25478704937364
502,27,10,2021,13,19,18,72216,179024751,25530219519936
503,10,10,2021,22,36,38,79971,393280126,25614172271165
504,2,10,2021,14,5,19,71651,479617595,25627143927674
505,2,10,2021,21,23,45,75985,845273909,25695262678929
506,27,10,2021,1,23,43,83340,735864245,25747228457049
507,11,10,2021,6,24,51,37253,179772439,25774145756190
508,11,10,2021,19,29,59,56830,683357270,25778319085136
509,17,10,2021,17,13,23,48653,567750430,25791373530878
510,6,10,2021,14,40,63,89699,733559481,25802808772223
511,3,10,2021,10,54,55,69159,618403457,25821707848904
512,12,10,2021,17,52,32,26179,84272270,25981893143156
513,8,10,2021,22,2,57,64059,995665771,25999187928265
514,6,10,2021,4,32,31,30146,519750753,26035251162013
515,6,10,2021,23,44,26,94788,56500873,26109944878197
516,15,10,2021,14,56,19,98683,700083033,26239153065021
517,22,10,2021,17,52,68,12234,14181253,26257054188924
518,23,10,2021,15,13,40,66979,804075708,26325872456795
519,18,10,2021,5,47,55,47621,564632294,26380064481015
520,11,10,2021,13,7,34,76785,407683915,26414979094720
521,18,10,2021,16,22,36,40286,88371200,26504849500593
522,14,10,2021,8,52,65,10487,179772439,26562740197090
523,8,10,2021,10,34,52,55412,876160984,26607822583735
524,2,10,2021,19,21,81,37136,926672167,26644478131184
525,20,10,2021,18,2,17,73884,888251691,26829274247598
526,1,10,2021,6,13,14,54559,238435779,26855405130047
527,23,10,2021,9,17,75,17666,851713029,26882735548228
528,16,10,2021,10,29,81,13569,565485561,26953226042134
529,8,10,2021,9,40,60,94359,239757411,26961627854227
530,19,10,2021,11,27,48,52995,577980628,27135033450039
531,2,10,2021,14,24,57,30312,398791081,27171357259264
532,5,10,2021,11,57,67,89602,955208957,27227996830381
533,12,10,2021,18,18,56,91338,210342063,27238516919368
534,10,10,2021,17,56,36,47621,826167473,27261679088116
535,7,10,2021,22,39,28,13569,628268024,27283426942683
536,27,10,2021,13,24,31,17491,356278548,27286081170448
537,7,10,2021,8,51,19,52321,983514212,27301488257574
538,27,10,2021,16,30,34,55412,14181253,27348052454177
539,30,10,2021,14,14,25,72007,289777382,27421310025478
540,19,10,2021,6,18,35,89699,48928421,27489247114692
541,24,10,2021,8,34,18,75985,654983621,27643095229447
542,7,10,2021,11,41,76,80958,670433148,27773421266144
543,19,10,2021,2,20,26,52367,792137558,27785067071138
544,10,10,2021,20,41,44,84012,813665693,27785423941990
545,2,10,2021,12,17,37,43976,429905560,27797518797177
546,9,10,2021,17,23,64,70797,558293490,27825015421910
547,7,10,2021,1,59,36,19724,179772439,27849046388890
548,16,10,2021,21,58,26,97857,340543869,27851993439048
549,4,10,2021,18,22,74,56830,589900968,27991274807303
550,24,10,2021,6,59,20,17194,513593837,28000976515463
551,3,10,2021,21,42,72,71651,688656591,28009792670152
552,29,10,2021,23,58,50,27237,542089178,28058845101135
553,15,10,2021,21,0,69,50312,820483104,28081253637566
554,30,10,2021,12,32,44,27237,518141310,28135512273431
555,21,10,2021,20,19,21,37962,955208957,28191205373194
556,4,10,2021,21,27,56,86272,403074860,28249343856893
557,5,10,2021,11,53,12,98683,371735869,28273677468084
558,3,10,2021,7,21,63,64059,470692525,28391051488380
559,15,10,2021,8,31,56,73884,654983621,28442468133055
560,21,10,2021,15,48,66,41947,567750430,28461103535719
561,18,10,2021,2,28,16,37136,73657100,28476433772848
562,30,10,2021,22,48,39,27237,630356866,28490925751818
563,17,10,2021,20,56,70,72797,876160984,28525673469540
564,16,10,2021,12,51,15,47508,799540856,28545631542333
565,13,10,2021,13,13,15,66979,983514212,28554667093796
566,1,10,2021,1,12,27,94359,489470337,28575542698844
567,1,10,2021,18,48,56,77410,230714677,28711080418068
568,25,10,2021,8,30,25,97667,117184362,28838319687566
569,20,10,2021,4,36,73,40286,453977220,28840178300800
570,4,10,2021,9,12,74,29043,859225427,29172894594642
571,20,10,2021,11,41,76,14400,55377041,29196446440033
572,16,10,2021,15,10,17,15512,468186737,29244566053742
573,5,10,2021,19,36,38,92008,563131218,29286722572527
574,8,10,2021,6,19,28,78464,672278383,29307404913322
575,17,10,2021,23,13,58,37136,672192038,29318657963489
576,15,10,2021,20,22,81,66787,280933259,29357802929333
577,20,10,2021,16,57,75,48653,946303770,29393861701184
578,1,10,2021,8,22,52,70797,835451713,29413630811269
579,6,10,2021,17,39,60,30146,126709525,29514035210204
580,17,10,2021,9,26,69,94788,423353652,29599173830494
581,15,10,2021,18,17,49,53551,477576479,29645239948872
582,19,10,2021,4,44,80,52367,732523689,29775765724148
583,8,10,2021,14,8,56,70797,563639085,29842747577343
584,7,10,2021,7,13,26,92008,645994419,29860975308825
585,15,10,2021,10,25,75,53551,91622977,29959145755817
586,9,10,2021,21,49,66,54559,832078994,29965809901060
587,11,10,2021,22,15,77,73884,95771258,30058701733440
588,1,10,2021,21,48,64,84012,729325504,30063106645552
589,3,10,2021,11,35,68,40286,505712786,30084560890691
590,13,10,2021,2,32,64,49213,564890206,30102803038717
591,22,10,2021,10,35,39,43944,423353652,30394578980581
592,2,10,2021,5,15,29,89699,878220743,30515064280411
593,28,10,2021,6,12,47,52224,677434996,30520488918870
594,6,10,2021,3,22,32,72295,499860360,30595987917376
595,11,10,2021,11,4,32,47621,386510936,30616206601602
596,11,10,2021,19,36,20,72007,211935742,30618697152070
597,22,10,2021,11,16,63,92008,53112246,30635012639228
598,28,10,2021,1,54,54,49213,285543617,30648402060415
599,21,10,2021,23,36,22,39722,638206299,30704969434940
600,18,10,2021,20,51,75,30681,802856871,30778544784836
601,16,10,2021,16,37,53,91338,974834496,30784157756342
602,10,10,2021,14,17,30,37962,356278548,30808146840004
603,18,10,2021,23,0,51,52321,393280126,30830397207995
604,14,10,2021,15,10,18,52321,695495429,30837692621729
605,17,10,2021,8,58,20,12698,689593400,30948365811260
606,26,10,2021,20,44,81,49213,320154256,30999773001640
607,10,10,2021,1,54,68,53551,482620757,31001997200906
608,11,10,2021,3,14,63,56830,408073114,31191219033479
609,24,10,2021,4,8,46,53936,570713959,31233679401232
610,18,10,2021,20,24,36,10487,513593837,31268236628888
611,20,10,2021,8,48,35,84012,162978191,31273132145879
612,19,10,2021,13,35,59,94788,977436426,31339435665865
613,17,10,2021,0,31,46,78464,987114682,31349111997622
614,1,10,2021,7,41,14,77410,474452000,31357271994619
615,26,10,2021,21,8,64,79473,499860360,31411803286757
616,25,10,2021,3,12,59,72216,565485561,31472957922196
617,20,10,2021,18,46,81,14400,868246710,31478130812126
618,16,10,2021,7,27,75,73566,465756882,31527709743480
619,5,10,2021,10,7,19,75340,47987356,31569680858407
620,19,10,2021,10,59,61,91338,165429645,31675793905619
621,6,10,2021,7,31,41,53936,821639212,31695851328840
622,28,10,2021,12,15,34,89699,888251691,31712827507354
623,11,10,2021,20,56,70,85792,682499837,31800191627238
624,22,10,2021,2,28,68,61194,506937169,31805714666411
625,12,10,2021,23,26,44,26179,917042321,31863680322259
626,9,10,2021,12,33,15,10487,272121565,31893832753669
627,10,10,2021,0,57,40,86272,258622231,31934057913663
628,5,10,2021,13,39,71,19724,354036701,31962836965226
629,12,10,2021,20,33,14,26179,454818753,31963389600285
630,24,10,2021,3,59,18,30146,907110032,32095870888325
631,5,10,2021,4,27,50,85792,729325504,32166768162044
632,10,10,2021,16,46,71,14400,151589369,32260044283562
633,10,10,2021,11,21,30,66787,55351975,32299959436392
634,18,10,2021,9,29,77,86165,326962536,32304475549498
635,16,10,2021,22,2,33,53936,264583002,32318806294879
636,14,10,2021,14,23,68,39722,211935742,32337255182208
637,2,10,2021,11,40,34,37962,926672167,32427438881761
638,17,10,2021,3,0,53,14400,27911835,32453807642965
639,3,10,2021,12,36,70,10487,907954001,32553663905174
640,24,10,2021,21,6,36,76357,54517458,32570344171941
641,27,10,2021,6,2,67,86856,505712786,32629632773175
642,21,10,2021,7,10,81,53936,122755251,32629799739475
643,2,10,2021,22,11,66,19724,535773301,32654223653485
644,29,10,2021,12,26,20,37962,335098381,32678281187779
645,18,10,2021,1,35,16,75340,217579647,32832511324468
646,7,10,2021,9,3,29,98683,26812562,32881741430867
647,13,10,2021,15,49,16,70797,475553181,32914854257661
648,7,10,2021,13,2,39,12234,742122606,33055720796646
649,30,10,2021,3,59,17,26179,776575213,33065429716241
650,9,10,2021,4,18,33,62022,688656591,33127143171881
651,23,10,2021,1,5,64,73566,56500873,33156304733550
652,12,10,2021,11,46,41,29043,897123484,33273564231348
653,4,10,2021,22,13,61,61194,106289408,33417491109478
654,29,10,2021,5,2,24,58276,741659236,33448568808374
655,18,10,2021,16,56,43,50312,82482749,33469237489161
656,14,10,2021,5,13,13,72295,776575213,33512470231989
657,20,10,2021,12,11,45,52224,799540856,33645007766693
658,26,10,2021,19,16,71,42153,350409623,33645119441123
659,14,10,2021,6,36,18,98420,916784970,33697343322450
660,30,10,2021,2,56,28,30146,519593345,33769703938082
661,27,10,2021,19,5,70,53551,684971755,33797240925923
662,11,10,2021,22,35,22,30312,283935497,33899069994299
663,14,10,2021,7,31,58,12698,606127675,34058831696110
664,6,10,2021,4,26,12,17491,60708776,34130608437620
665,3,10,2021,8,46,68,80958,558426471,34478506391111
666,14,10,2021,12,46,15,49213,607382559,34499192886921
667,15,10,2021,17,38,21,19595,19215086,34527684601766
668,28,10,2021,16,42,36,24716,717502586,34764334490301
669,27,10,2021,4,15,48,47508,297985078,34802140184256
670,6,10,2021,7,43,70,13569,711182831,34863286771171
671,8,10,2021,19,25,17,52367,938536280,34868437301190
672,25,10,2021,6,12,44,48653,182731481,34967598927421
673,16,10,2021,8,38,60,13523,712500819,34992866855446
674,21,10,2021,11,42,19,52321,933551075,35134978292105
675,26,10,2021,6,9,40,97667,919496561,35204818060599
676,16,10,2021,4,59,22,53551,152724140,35539880069138
677,1,10,2021,1,58,14,86165,729325504,35541683506039
678,18,10,2021,2,9,60,47621,243702874,35683929166793
679,28,10,2021,22,13,37,73566,681067146,35743117616929
680,19,10,2021,12,44,31,94788,625226378,35752668395533
681,27,10,2021,14,0,37,83340,402640928,35786444375908
682,19,10,2021,7,23,57,37224,510398649,35817857402247
683,21,10,2021,23,14,62,79971,246283162,35831915346885
684,1,10,2021,10,38,81,47621,489470337,35964846710611
685,2,10,2021,14,23,73,92008,619926613,36000759613917
686,2,10,2021,12,48,42,89602,106541687,36171622089182
687,16,10,2021,17,0,74,94173,453977220,36198863374009
688,27,10,2021,23,48,52,77410,297451973,36221808309014
689,27,10,2021,6,56,43,55600,517877756,36223941574439
690,10,10,2021,11,40,60,37136,744754615,36280321633428
691,15,10,2021,20,40,50,13569,563065152,36314762938729
692,13,10,2021,21,48,39,53551,120741981,36479841242123
693,30,10,2021,19,12,78,94173,672192038,36540370351527
694,29,10,2021,12,4,35,40286,377842643,36610307754916
695,3,10,2021,17,50,79,19595,288650367,36656714652558
696,30,10,2021,20,26,79,48331,835451713,36692872266671
697,16,10,2021,16,28,80,15512,545813177,36700258469659
698,28,10,2021,10,59,44,86165,868246710,36723941261733
699,19,10,2021,1,6,32,70797,918989675,36808824933532
700,26,10,2021,4,56,60,52321,775371466,36976897547788
701,30,10,2021,11,56,70,30514,407683915,37009358558557
702,3,10,2021,17,49,27,91338,264583002,37088247912093
703,29,10,2021,18,48,49,55600,271096947,37160366877973
704,1,10,2021,0,13,59,15512,19215086,37180610146580
705,24,10,2021,10,23,59,30146,990983294,37233643365356
706,15,10,2021,11,51,26,52995,233143711,37249069885177
707,14,10,2021,23,45,65,40286,25304460,37258848529806
708,17,10,2021,7,16,13,52995,458375400,37294047300196
709,14,10,2021,0,6,67,94359,393280126,37326525078453
710,10,10,2021,20,48,43,46930,835451713,37377498399761
711,21,10,2021,2,19,70,37253,711182831,37435006974737
712,2,10,2021,19,59,21,42153,497182337,37443854290262
713,26,10,2021,2,30,60,98420,42751333,37563550317430
714,2,10,2021,19,8,19,78464,628268024,37571109677704
715,18,10,2021,3,31,28,72295,506395209,37584319077324
716,2,10,2021,5,58,57,26179,244355662,37617792075828
717,8,10,2021,4,29,27,56830,540752850,37630951719691
718,13,10,2021,2,47,57,76076,835451713,37655362999148
719,15,10,2021,18,56,49,19724,616350653,37656089071075
720,27,10,2021,23,22,69,84012,296464593,37775395466807
721,25,10,2021,19,16,37,76785,19215086,37960936053339
722,28,10,2021,22,16,16,55412,151589369,38178769778856
723,11,10,2021,16,28,50,94788,843906365,38196218767220
724,25,10,2021,17,23,78,54559,305259736,38406359619385
725,28,10,2021,5,2,39,70732,779185778,38425847280978
726,17,10,2021,13,43,28,84273,730528280,38434940539626
727,19,10,2021,0,50,49,13569,137332180,38501221880247
728,10,10,2021,4,25,29,75985,908139244,38563351019138
729,18,10,2021,20,52,53,17491,607382559,38593219359334
730,2,10,2021,13,55,56,72216,966139812,38633481496218
731,19,10,2021,4,50,72,54559,122126745,38724917165672
732,30,10,2021,11,54,70,30312,54654463,38746877431739
733,4,10,2021,13,51,75,15512,23249039,38769296900457
734,12,10,2021,20,39,41,37224,157739390,38831514420667
735,1,10,2021,14,6,18,37224,628268024,38899700824117
736,29,10,2021,18,1,75,72216,595464575,38907105986446
737,19,10,2021,5,4,75,52995,64352745,38926038096670
738,28,10,2021,1,16,15,75985,117184362,38996991301173
739,14,10,2021,19,23,26,58276,14010713,39115400229789
740,14,10,2021,14,7,43,48653,719478152,39192512739930
741,19,10,2021,13,9,46,41947,217591953,39204031345360
742,30,10,2021,16,5,26,78464,931654549,39370186063098
743,20,10,2021,22,23,71,43944,550091061,39399667863523
744,26,10,2021,13,19,28,84012,853685925,39408679929796
745,4,10,2021,15,4,30,97857,77356864,39443416751487
746,3,10,2021,21,40,31,19595,364233871,39632560950916
747,25,10,2021,7,31,40,86856,15734688,39643012211872
748,24,10,2021,15,31,61,64059,179256100,39719962813003
749,25,10,2021,3,43,33,79473,751454920,39776731990948
750,18,10,2021,0,5,68,98420,595464575,39777928089752
751,2,10,2021,2,38,43,53936,917042321,39812600326646
752,22,10,2021,7,12,20,46930,272121565,39833882083340
753,11,10,2021,15,29,72,62167,744754615,39884818127746
754,9,10,2021,15,25,14,37955,815674473,39907354679636
755,19,10,2021,3,42,15,29043,217591953,39927549996878
756,15,10,2021,4,37,31,13569,268775387,39936269770549
757,6,10,2021,23,29,27,25936,553814582,39946596339689
758,5,10,2021,15,8,56,66787,461061271,40005202705279
759,18,10,2021,7,9,62,94359,302560942,40032480051425
760,22,10,2021,2,2,39,70732,259398851,40118241574528
761,17,10,2021,19,54,55,78464,540752850,40151193480785
762,4,10,2021,2,14,46,13523,182251855,40164351130175
763,3,10,2021,3,50,48,77789,327379120,40224592871993
764,14,10,2021,11,59,78,61194,713420594,40246492022453
765,26,10,2021,9,32,69,72216,313880371,40349329819497
766,29,10,2021,22,17,38,41947,957500127,40354052362387
767,24,10,2021,10,45,40,30514,56362710,40445236783928
768,15,10,2021,10,49,40,13569,258622231,40466176426156
769,22,10,2021,13,54,63,72216,206843634,40472923560716
770,30,10,2021,23,20,69,39722,779887459,40483951090154
771,16,10,2021,22,20,65,66787,606127675,40525587357523
772,4,10,2021,8,38,47,47621,558901802,40530663878248
773,7,10,2021,22,50,66,89602,239757411,40686830705229
774,6,10,2021,16,28,71,29043,952505142,40742664213625
775,5,10,2021,15,28,76,78464,120741981,40847664084227
776,6,10,2021,22,21,32,64059,79248483,40884232023729
777,12,10,2021,12,2,60,79473,27911835,40885423901500
778,11,10,2021,16,43,28,94173,889968872,40967987978936
779,3,10,2021,12,18,48,39722,689593400,41111885531773
780,26,10,2021,7,15,24,91338,778090323,41258908059573
781,17,10,2021,12,34,60,47621,983514212,41362722918551
782,3,10,2021,0,45,45,17491,126709525,41380640980963
783,18,10,2021,22,18,79,37224,863497278,41387361631078
784,9,10,2021,1,31,58,80958,272121565,41448490637917
785,14,10,2021,9,38,24,73566,977436426,41460905199132
786,9,10,2021,18,43,70,80958,80577376,41495488011567
787,6,10,2021,10,53,16,37253,776930518,41641032675887
788,14,10,2021,13,53,57,34646,591947278,41675365954403
789,4,10,2021,18,30,24,15512,286293907,41719525972266
790,10,10,2021,22,23,27,72216,285543617,41761894262380
791,11,10,2021,5,58,45,17666,483621525,41787925736871
792,18,10,2021,11,7,60,37955,233318332,41808298241491
793,5,10,2021,10,35,22,94359,972112657,41845145445047
794,2,10,2021,16,5,42,47621,272121565,41857647935784
795,1,10,2021,20,3,54,78464,259398851,41915770261112
796,7,10,2021,8,14,22,56830,853685925,41957930792968
797,7,10,2021,22,29,46,72295,124587344,41979809661613
798,27,10,2021,3,24,18,70732,282756363,41982615460985
799,28,10,2021,19,3,59,73884,780285026,42027098439960
800,1,10,2021,11,36,69,98420,542799637,42065868737109
801,29,10,2021,1,15,73,15512,729325504,42097063421192
802,12,10,2021,1,31,32,66979,550091061,42099878665269
803,7,10,2021,12,7,45,73566,77356864,42146186805697
804,26,10,2021,6,47,16,76357,141484177,42153309736909
805,9,10,2021,1,48,50,43976,888251691,42318264137396
806,13,10,2021,14,17,24,86165,132513979,42346486644410
807,24,10,2021,23,48,39,15512,756879917,42376925672226
808,4,10,2021,14,55,27,86856,535773301,42496784869517
809,28,10,2021,23,27,65,43944,393280126,42499038698061
810,25,10,2021,17,25,63,17194,983514212,42629064399155
811,29,10,2021,1,41,22,30514,449854611,42644783435098
812,27,10,2021,5,58,49,76076,813665693,42715206044092
813,19,10,2021,23,49,40,75340,119075185,42748880347789
814,4,10,2021,5,22,43,37136,54654463,42763578056627
815,29,10,2021,1,34,45,77789,27911835,42860931455756
816,15,10,2021,12,24,44,62167,545813177,42864770403383
817,21,10,2021,19,38,76,25936,584362699,42867156924118
818,11,10,2021,23,1,58,92008,403118981,42961694401156
819,29,10,2021,8,7,41,30146,258361756,42972795688848
820,13,10,2021,12,49,53,27237,237499836,42991747001121
821,10,10,2021,5,53,19,56830,716598833,42995751050972
822,23,10,2021,2,13,60,58276,302560942,43160264254069
823,10,10,2021,18,9,77,84273,110910677,43178615375534
824,15,10,2021,14,39,22,48331,835451713,43226266806427
825,27,10,2021,17,41,13,79473,142131607,43253951995368
826,10,10,2021,9,11,60,94359,125932953,43503535865183
827,24,10,2021,6,59,64,72007,243751820,43517602062145
828,26,10,2021,3,58,50,75985,977436426,43527570370798
829,5,10,2021,6,54,39,78464,965355057,43529903644010
830,26,10,2021,1,26,53,77789,377716719,43531509297600
831,2,10,2021,2,59,54,71651,721457262,43607810476797
832,7,10,2021,13,31,17,48331,325022122,43611815243914
833,14,10,2021,15,21,32,30681,776930518,43630427695951
834,24,10,2021,7,7,43,53936,808026122,43637157193114
835,27,10,2021,3,38,58,52321,91622977,43640793842614
836,24,10,2021,2,32,63,52321,356660638,43755643842917
837,18,10,2021,3,47,50,37224,716598833,43765691115297
838,27,10,2021,22,8,37,76785,882283964,43828805592682
839,8,10,2021,12,0,55,70732,282069323,43906741076260
840,13,10,2021,12,56,41,37962,159975001,43912581551144
841,26,10,2021,2,58,70,48653,133308137,44040645008389
842,10,10,2021,18,59,18,56830,984927673,44071219631767
843,28,10,2021,4,20,43,19595,939200382,44149827443680
844,6,10,2021,21,51,67,10487,65099909,44207584239275
845,21,10,2021,6,0,46,30681,832078994,44219186954145
846,7,10,2021,20,59,45,52995,670433148,44234145057579
847,24,10,2021,6,31,54,75340,178374901,44348150164695
848,29,10,2021,11,49,23,62022,238435779,44391222233883
849,2,10,2021,0,31,26,37224,927470936,44404600318550
850,11,10,2021,17,13,60,55412,792137558,44406362374763
851,28,10,2021,14,45,16,70732,914483758,44412854316675
852,1,10,2021,6,12,75,52224,80362124,44437037565528
853,21,10,2021,18,58,23,49213,432317393,44468881185061
854,27,10,2021,21,46,55,42153,955208957,44480614895803
855,15,10,2021,18,19,31,30146,890534058,44485398378044
856,25,10,2021,17,45,22,97857,449854611,44600412710223
857,18,10,2021,6,42,74,80958,510376020,44612636643252
858,30,10,2021,21,21,54,10487,758251166,44642956227625
859,6,10,2021,20,27,38,25936,527309901,44665096107289
860,3,10,2021,7,40,45,66979,57858584,44674780100828
861,12,10,2021,5,6,51,13569,423353652,44871062208477
862,2,10,2021,13,59,21,17666,290291596,44941430780919
863,6,10,2021,10,41,53,29043,926703373,44941553603996
864,12,10,2021,23,8,43,75985,827748080,45003197514358
865,14,10,2021,13,24,65,92008,167507432,45215302731718
866,12,10,2021,4,50,61,84012,34466863,45229797447631
867,29,10,2021,10,38,52,13569,538046982,45235578363844
868,25,10,2021,15,2,71,30312,837460715,45314131044876
869,29,10,2021,11,34,13,34646,155605840,45419299370420
870,8,10,2021,1,53,29,30312,619926613,45507253278328
871,3,10,2021,2,6,70,26179,326962536,45565070568528
872,27,10,2021,13,41,54,83340,545084119,45569221984867
873,28,10,2021,4,24,81,85792,297451973,45586691106830
874,13,10,2021,1,37,39,25936,356660638,45609863886786
875,21,10,2021,3,56,62,66979,837460715,45640448969200
876,10,10,2021,15,15,80,77410,804075708,45654228980557
877,9,10,2021,17,18,34,39722,808026122,45709363794108
878,23,10,2021,20,38,75,94173,196030767,45735970392023
879,28,10,2021,6,53,43,29043,356278548,45784164574733
880,27,10,2021,4,50,21,53936,891583849,45793240284706
881,11,10,2021,9,53,31,25936,386510936,45816150634787
882,16,10,2021,17,59,52,98420,233318332,45852201129712
883,6,10,2021,14,59,35,80958,755917808,45880259964311
884,6,10,2021,9,21,56,13569,876160984,46090392262325
885,26,10,2021,1,7,60,78464,882283964,46119951760148
886,2,10,2021,23,21,52,37955,289601152,46128982792799
887,11,10,2021,18,6,33,12234,482620757,46211964722787
888,16,10,2021,9,35,31,72295,152724140,46249933479301
889,7,10,2021,12,17,41,52321,27911835,46266938510928
890,25,10,2021,17,40,26,86165,843877244,46326715431512
891,11,10,2021,9,10,18,76357,748339253,46344863776713
892,6,10,2021,8,3,45,77410,430351452,46375864609969
893,12,10,2021,2,4,59,77789,268775387,46408775525116
894,22,10,2021,10,44,74,80958,514599737,46513954172943
895,23,10,2021,5,24,68,43976,241392169,46602871923490
896,29,10,2021,14,57,43,17666,356660638,46652378708227
897,20,10,2021,4,4,72,55412,56500873,46706974950230
898,23,10,2021,4,37,48,53808,285543617,46710944488970
899,23,10,2021,2,59,42,84273,286293907,46737377247845
900,7,10,2021,18,12,42,70797,259662462,46748639820395
901,29,10,2021,5,11,46,40286,26812562,46754991946899
902,3,10,2021,22,3,63,84273,285543617,46764891102084
903,13,10,2021,12,25,60,40286,318709202,46779174917532
904,3,10,2021,11,0,45,15512,606127675,46783651689100
905,8,10,2021,18,3,52,75985,543931567,46889508251568
906,26,10,2021,17,22,52,84012,757786741,46941190313224
907,5,10,2021,4,33,59,61300,305259736,47002741721716
908,13,10,2021,22,13,31,77410,464091145,47030722962276
909,11,10,2021,5,55,68,99833,757786741,47140572822915
910,30,10,2021,15,53,50,17491,257499233,47157277829602
911,15,10,2021,0,44,19,53551,137332180,47168878632560
912,12,10,2021,20,19,26,91338,14010713,47365630350612
913,17,10,2021,20,16,33,72216,907110032,47431790175224
914,18,10,2021,13,42,56,53936,288650367,47465525997280
915,19,10,2021,9,39,81,19724,866080078,47657817502390
916,17,10,2021,9,52,74,30146,519750753,47664008506010
917,7,10,2021,17,16,30,98420,232980727,47787368511255
918,5,10,2021,20,0,31,30514,821639212,47811365540817
919,15,10,2021,11,30,16,94788,700083033,47817965001041
920,4,10,2021,5,59,65,52321,458375400,47836519262982
921,5,10,2021,14,49,81,94173,755917808,47903236315556
922,14,10,2021,13,26,32,41947,523733047,47964294193807
923,20,10,2021,16,30,53,52224,361019400,47978702711304
924,12,10,2021,9,6,34,15512,522460533,48016305268769
925,4,10,2021,7,21,15,70797,196030767,48022499538832
926,9,10,2021,5,15,35,39722,724744485,48041850947414
927,24,10,2021,10,16,66,39722,156126534,48059475403365
928,12,10,2021,11,39,51,14400,206843634,48072373566370
929,19,10,2021,12,7,64,43976,519750753,48074506196910
930,20,10,2021,21,15,47,12698,536171819,48086333977562
931,17,10,2021,7,25,38,46930,479617595,48142268510171
932,1,10,2021,0,15,14,77789,763104045,48143169060806
933,4,10,2021,0,22,18,83340,350365434,48156209745056
934,28,10,2021,11,12,72,13569,648198553,48169594170148
935,20,10,2021,17,15,13,84273,780285026,48176360402401
936,1,10,2021,17,43,77,39722,832078994,48197912098969
937,19,10,2021,18,0,79,91338,558293490,48206581120439
938,15,10,2021,9,20,22,53936,17277841,48232705654369
939,7,10,2021,20,15,81,75340,490654290,48372595616572
940,7,10,2021,21,15,69,49213,779887459,48398650802153
941,29,10,2021,9,32,15,85792,677434996,48467420472553
942,2,10,2021,4,19,48,37136,151589369,48471226584919
943,30,10,2021,5,9,45,30514,206843634,48554752309426
944,1,10,2021,13,7,59,98420,756879917,48659667419139
945,23,10,2021,14,16,72,71651,402173583,48686935748325
946,16,10,2021,11,36,79,39722,999338525,48712242707050
947,25,10,2021,21,44,63,62022,327213420,48883499952327
948,4,10,2021,5,33,62,42153,841943970,48919417826712
949,17,10,2021,19,57,55,55600,779353856,48936157384144
950,4,10,2021,3,34,67,29043,964606841,49054844716595
951,11,10,2021,9,0,78,53551,898726056,49091244835711
952,28,10,2021,19,2,68,46930,907954001,49229841672689
953,11,10,2021,12,33,19,94359,196548229,49347713757394
954,22,10,2021,3,47,58,15512,670433148,49405288208851
955,6,10,2021,9,33,21,17194,505712786,49464077008068
956,23,10,2021,4,30,23,49213,891583849,49468920778392
957,4,10,2021,12,9,64,48653,591915698,49546878468860
958,10,10,2021,16,11,40,37955,584362699,49574239536835
959,11,10,2021,17,50,66,72007,662197419,49650220650611
960,25,10,2021,0,36,30,30514,434635259,49684042151714
961,7,10,2021,19,43,33,49213,541790615,49701490658878
962,13,10,2021,9,7,70,73566,625226378,49821029101020
963,8,10,2021,21,27,65,40286,617663207,49821670028571
964,29,10,2021,2,36,51,15512,631976260,49848804689813
965,7,10,2021,19,57,48,37224,880745056,49853511487517
966,28,10,2021,18,7,42,53808,54517458,49875448108898
967,24,10,2021,16,22,73,41947,235414544,49919698120265
968,6,10,2021,16,49,69,40286,429905560,49925686813686
969,29,10,2021,12,49,55,40286,486138803,49957749416293
970,5,10,2021,18,39,45,43944,821352231,49984395762301
971,2,10,2021,17,1,77,76785,139888037,50008208581082
972,8,10,2021,3,32,73,61300,250740683,50161447017277
973,12,10,2021,12,25,47,46930,859225427,50193462196513
974,15,10,2021,9,28,35,30681,761864063,50274244468762
975,12,10,2021,1,46,79,76785,993031080,50276830112362
976,16,10,2021,14,33,77,66979,56362710,50308912911376
977,15,10,2021,1,54,29,66787,771169683,50324410335057
978,28,10,2021,10,6,60,75985,470692525,50489188003124
979,19,10,2021,21,59,40,99833,681067146,50512129261047
980,2,10,2021,1,42,76,47508,40084555,50552647098219
981,28,10,2021,15,19,17,58276,582900164,50673711543152
982,10,10,2021,21,59,20,72216,919496561,50693385250258
983,14,10,2021,19,36,43,30146,377716719,50836798701873
984,2,10,2021,21,11,79,37253,935645698,50847739448779
985,3,10,2021,21,22,52,71651,732523689,50855310049956
986,28,10,2021,20,0,23,91338,872804852,50873574452150
987,8,10,2021,23,42,23,71651,995665771,50887887043140
988,2,10,2021,10,26,42,13523,431449629,50951282255914
989,3,10,2021,0,23,60,26179,568854407,51003169394249
990,12,10,2021,17,36,24,14400,934568114,51180353234771
991,14,10,2021,18,7,37,52995,368650039,51195903632825
992,4,10,2021,7,59,70,52995,741659236,51242045801174
993,8,10,2021,22,14,68,55412,307992299,51251706364554
994,29,10,2021,8,13,72,48653,485140805,51346497940140
995,10,10,2021,15,10,36,30312,390677528,51630225535628
996,10,10,2021,1,12,26,29043,388672886,51641864091020
997,19,10,2021,7,3,78,72295,258622231,51677754314587
998,25,10,2021,3,38,38,52995,26192902,51684802447355
999,13,10,2021,0,6,27,58276,776930518,51703433703772
1000,18,10,2021,6,44,62,72216,232980727,51803071024602
1001,2,10,2021,21,1,46,46930,321190883,51817847678322
1002,9,10,2021,11,3,22,37253,120646999,51820306781680
1003,30,10,2021,8,59,42,10487,910372330,51837325606705
1004,11,10,2021,6,54,55,37253,155605840,51880084866024
1005,12,10,2021,1,11,81,66787,880745056,51906840326436
1006,18,10,2021,15,36,55,79473,122126745,51915591465949
1007,24,10,2021,1,22,57,92008,347934026,51944767481813
1008,5,10,2021,8,4,25,55412,368892208,52043252541934
1009,1,10,2021,16,17,75,86856,563065152,52045517079982
1010,23,10,2021,11,39,72,75985,724744485,52078209128402
1011,13,10,2021,11,34,59,47508,15734688,52088936601212
1012,15,10,2021,23,29,78,52995,733402386,52126303176051
1013,10,10,2021,22,2,49,72797,182251855,52152288901461
1014,1,10,2021,5,35,25,19595,267179127,52170788669750
1015,11,10,2021,9,19,13,19724,89457524,52176636295246
1016,22,10,2021,3,51,23,85792,403118981,52191251958238
1017,14,10,2021,11,47,53,58276,535773301,52221944256080
1018,2,10,2021,0,36,47,52367,972112657,52278112431436
1019,16,10,2021,22,34,45,79971,106541687,52474319764603
1020,5,10,2021,0,29,78,37253,434635259,52556667144304
1021,20,10,2021,16,22,35,62167,483621525,52623861902603
1022,17,10,2021,14,29,49,37136,771169683,52662354246400
1023,9,10,2021,9,20,81,70797,510244277,52728355831645
1024,13,10,2021,18,40,24,83340,826167473,52745260929524
1025,19,10,2021,1,24,20,30681,426815055,52765029946464
1026,19,10,2021,10,35,81,98420,959340181,52803249032165
1027,9,10,2021,8,14,37,99833,479779576,52823496308206
1028,4,10,2021,13,36,65,78464,182251855,52883665264486
1029,24,10,2021,14,6,56,12234,151589369,52902023875318
1030,7,10,2021,6,51,26,53936,321190883,52920822311472
1031,30,10,2021,2,58,53,30146,812966242,52967633082571
1032,6,10,2021,1,53,80,43976,182731481,53010045871312
1033,9,10,2021,5,28,46,27237,568854407,53022953514950
1034,4,10,2021,17,31,29,52224,291787805,53055953276607
1035,14,10,2021,18,39,34,47621,221489643,53134227769959
1036,6,10,2021,20,37,38,64059,845209621,53176763886360
1037,7,10,2021,12,27,46,53551,267179127,53216085916312
1038,2,10,2021,19,40,39,61194,813665693,53223650513557
1039,6,10,2021,20,58,19,17491,536360071,53252785207174
1040,23,10,2021,3,42,81,91338,327213420,53284624534532
1041,19,10,2021,1,59,52,37955,477576479,53330448814669
1042,10,10,2021,18,10,37,46930,875700352,53558253228678
1043,22,10,2021,7,45,38,27237,48928421,53567376787467
1044,17,10,2021,13,21,80,66787,480449895,53570142608229
1045,13,10,2021,1,22,72,50312,914483758,53573760458920
1046,14,10,2021,5,54,32,37136,508978954,53582765376579
1047,22,10,2021,9,16,19,42153,820483104,53606602707257
1048,15,10,2021,4,21,53,30312,751454920,53616054575765
1049,24,10,2021,2,59,22,34646,837460715,53619447418246
1050,16,10,2021,19,54,39,79971,55377041,53689070560442
1051,15,10,2021,9,39,61,58276,779887459,53723738948050
1052,15,10,2021,1,14,48,89699,757786741,53788205438325
1053,27,10,2021,11,2,54,13569,305259736,53829328828537
1054,27,10,2021,7,54,72,13569,955213400,53922936389668
1055,14,10,2021,12,0,71,30312,318709202,54000127661116
1056,6,10,2021,19,42,59,61300,757786741,54027321891006
1057,13,10,2021,11,54,53,40286,250740683,54033950092428
1058,27,10,2021,21,18,12,92008,17277841,54041897753036
1059,3,10,2021,16,6,47,14400,591947278,54057951141839
1060,10,10,2021,9,59,49,30681,302560942,54067436534942
1061,21,10,2021,19,16,32,53551,394546964,54087957972228
1062,1,10,2021,1,6,73,92008,426815055,54137159669768
1063,1,10,2021,10,57,43,71651,178374901,54179616512638
1064,8,10,2021,1,28,48,75985,280933259,54214807039358
1065,4,10,2021,19,8,66,39722,570744710,54229084352584
1066,27,10,2021,14,28,34,94359,429905560,54240748186578
1067,27,10,2021,11,14,20,12234,87927499,54279203623515
1068,24,10,2021,3,48,33,75340,506937169,54296883620276
1069,29,10,2021,20,4,34,71651,27911835,54321867962615
1070,25,10,2021,8,40,75,83340,711182831,54427796408213
1071,29,10,2021,2,19,76,99833,217591953,54439626206751
1072,20,10,2021,0,13,18,43976,157739390,54484639611750
1073,17,10,2021,23,58,26,14400,407683915,54499730141028
1074,20,10,2021,3,5,23,72007,994488630,54550317128833
1075,27,10,2021,22,21,76,83340,196548229,54638939033100
1076,25,10,2021,1,53,56,43976,14010713,54641372109288
1077,28,10,2021,10,12,18,47508,265599761,54753706191772
1078,28,10,2021,1,38,57,76076,712500819,54763666687311
1079,20,10,2021,8,7,56,62022,751454920,54818531414733
1080,18,10,2021,14,29,26,15512,790712816,54825439201819
1081,27,10,2021,20,16,35,97857,74362538,54923855831994
1082,24,10,2021,1,26,81,47621,889968872,54931253976026
1083,10,10,2021,10,28,35,64059,655126207,54963684396976
1084,6,10,2021,12,34,26,19724,700083033,55173927906248
1085,30,10,2021,0,36,69,58276,49406627,55314073601716
1086,18,10,2021,16,15,16,61194,965355057,55314817603373
1087,17,10,2021,11,3,18,48653,647345220,55334177933459
1088,7,10,2021,14,1,72,84012,407683915,55365538590497
1089,16,10,2021,11,49,56,78464,182251855,55427126023203
1090,16,10,2021,3,27,14,73884,927470936,55470018254702
1091,28,10,2021,5,56,71,55600,47987356,55491964820485
1092,27,10,2021,23,44,35,69159,26812562,55525541578226
1093,24,10,2021,0,42,30,25936,563131218,55565250550264
1094,29,10,2021,20,26,57,52995,827748080,55573929627966
1095,8,10,2021,10,6,35,97857,680876207,55580495906445
1096,6,10,2021,19,38,20,53551,14181253,55587843732414
1097,21,10,2021,22,2,12,97857,827915731,55654356407186
1098,27,10,2021,13,32,23,73566,405107575,55670115503885
1099,17,10,2021,8,9,73,39722,517877756,55684009368538
1100,5,10,2021,13,28,34,72007,113597924,55690308729964
1101,3,10,2021,14,46,42,94359,951296355,55712669610207
1102,6,10,2021,16,13,63,40286,235414544,55871748747432
1103,27,10,2021,23,22,28,83340,492684609,55888501546859
1104,15,10,2021,9,33,69,55600,264583002,55932854014988
1105,30,10,2021,14,28,72,10487,798541604,55937632810965
1106,9,10,2021,14,58,29,91338,157208394,55961333179324
1107,30,10,2021,1,27,76,76076,356278548,56088752284552
1108,27,10,2021,4,27,39,27237,122126745,56104919648098
1109,25,10,2021,21,37,37,98683,875916792,56191012115467
1110,26,10,2021,5,59,36,84012,84272270,56207331805703
1111,4,10,2021,2,59,31,54002,98541592,56271260489438
1112,15,10,2021,15,41,67,58276,841943970,56330491282042
1113,19,10,2021,16,17,62,53808,786414752,56372506471431
1114,22,10,2021,15,43,36,62022,591915698,56547893791838
1115,4,10,2021,12,46,56,34646,845400299,56563155575700
1116,22,10,2021,19,11,60,48331,655126207,56583527010753
1117,16,10,2021,5,21,26,40286,716709134,56609122629585
1118,12,10,2021,6,22,43,72295,567750430,56615598929882
1119,1,10,2021,5,57,51,66787,644080311,56630119120383
1120,23,10,2021,13,15,58,85792,798541604,56688958848984
1121,25,10,2021,2,2,34,56830,878220743,56766867717865
1122,23,10,2021,5,7,69,49213,882283964,56815026215592
1123,7,10,2021,14,22,55,77410,677434996,56819739240136
1124,5,10,2021,19,2,38,40286,26192902,56824769441542
1125,29,10,2021,17,20,43,56830,768676537,56858958195968
1126,30,10,2021,17,32,57,91338,80577376,57185345731577
1127,4,10,2021,12,17,44,72295,756879917,57199687916668
1128,13,10,2021,6,50,15,94788,243817010,57220163463390
1129,18,10,2021,9,35,56,73884,751454920,57314755912782
1130,19,10,2021,16,44,54,43944,297451973,57401565572607
1131,8,10,2021,0,39,35,43944,286293907,57423769330094
1132,7,10,2021,2,57,36,86856,198962222,57426131729876
1133,29,10,2021,22,22,34,80958,845273909,57518293128752
1134,22,10,2021,18,45,53,84273,139888037,57534080318200
1135,21,10,2021,16,7,81,47621,733559481,57547017688266
1136,17,10,2021,2,24,16,25936,535773301,57565801025301
1137,15,10,2021,13,39,34,40286,964606841,57598756539690
1138,10,10,2021,8,11,22,72007,522460533,57674904543670
1139,19,10,2021,18,8,81,80958,510398649,57743403819868
1140,17,10,2021,9,18,18,52995,125932953,57766140814918
1141,15,10,2021,13,6,62,41947,79248483,57880659808700
1142,7,10,2021,20,44,56,70732,402640928,58055773970781
1143,13,10,2021,20,18,27,75340,616350653,58068596185915
1144,17,10,2021,12,55,53,17491,258361756,58115620045884
1145,1,10,2021,10,18,39,48653,716583890,58119647740058
1146,2,10,2021,3,24,28,98420,155753189,58143676550125
1147,23,10,2021,9,13,23,80958,519750753,58171990502609
1148,20,10,2021,22,16,74,46930,677434996,58521660245310
1149,8,10,2021,8,6,50,98420,285543617,58526854879842
1150,26,10,2021,9,55,79,52321,122126745,58586930013082
1151,28,10,2021,12,36,70,61194,98541592,58587904844691
1152,8,10,2021,16,52,22,54559,58158254,58612145597502
1153,24,10,2021,15,1,71,12234,458375400,58863180726509
1154,26,10,2021,7,17,30,42153,700083033,58870895881478
1155,16,10,2021,14,19,54,47508,563131218,58919474338012
1156,12,10,2021,4,6,60,78464,631976260,58948105318946
1157,4,10,2021,0,34,57,52224,801716223,58960203797313
1158,14,10,2021,16,0,47,70797,843877244,58991947022461
1159,21,10,2021,11,37,36,30312,823830403,59031791064157
1160,29,10,2021,20,18,61,86272,719478152,59107969153335
1161,11,10,2021,19,51,74,64059,468708037,59115263248913
1162,28,10,2021,18,6,46,30681,875700352,59188379099070
1163,24,10,2021,9,7,75,37136,518172413,59215865823642
1164,12,10,2021,9,36,22,26179,486138803,59264583957043
1165,26,10,2021,21,49,33,27237,807200407,59267865486645
1166,27,10,2021,15,45,32,73566,768676537,59314153420216
1167,30,10,2021,14,58,46,17666,744533550,59387470837039
1168,22,10,2021,9,33,19,30312,824462479,59390665660203
1169,10,10,2021,9,51,31,73566,897123484,59424328030660
1170,3,10,2021,13,58,66,89602,484085537,59515423666721
1171,27,10,2021,19,51,47,84273,290291596,59535329656554
1172,7,10,2021,15,10,58,99833,371735869,59716405404810
1173,18,10,2021,16,58,70,80958,84272270,59722206076529
1174,12,10,2021,7,24,29,84273,453977220,59769899062963
1175,16,10,2021,9,7,46,49213,771169683,59788740482323
1176,30,10,2021,1,21,71,52224,824462479,59807682921721
1177,6,10,2021,16,52,52,52995,744533550,59877220435596
1178,16,10,2021,1,10,36,17194,403118981,59921057670122
1179,23,10,2021,7,43,47,84273,179256100,59984434879766
1180,1,10,2021,22,19,26,54559,744533550,60011118009535
1181,16,10,2021,4,24,15,56830,564963883,60131669351831
1182,28,10,2021,3,39,43,99833,232980727,60132205175012
1183,3,10,2021,20,23,62,86272,149813755,60202214700803
1184,23,10,2021,18,13,77,70797,995665771,60203911741105
1185,23,10,2021,22,37,13,61194,940192845,60256067482878
1186,8,10,2021,20,36,31,12234,812966242,60333126987101
1187,19,10,2021,11,19,20,86856,655126207,60337079642050
1188,5,10,2021,13,39,17,17666,211935742,60381982582187
1189,1,10,2021,23,25,32,34646,480449895,60402588536337
1190,23,10,2021,20,43,81,19724,461061271,60434412105949
1191,13,10,2021,9,33,41,94173,522460533,60448624767791
1192,23,10,2021,3,22,31,71651,670433148,60482489687820
1193,14,10,2021,10,44,67,72007,933551075,60486839073486
1194,26,10,2021,0,23,65,58276,290800603,60592565304150
1195,7,10,2021,14,3,71,89699,149813755,60612562508386
1196,12,10,2021,4,28,13,54002,605258308,60634767084237
1197,24,10,2021,11,48,61,70732,489470337,60639158651497
1198,23,10,2021,15,22,24,71651,766057327,60859974176253
1199,24,10,2021,23,38,24,69159,768676537,60942153306586
1200,27,10,2021,10,40,49,17491,139888037,60981134103283
1201,16,10,2021,16,2,28,14400,837460715,60994463423556
1202,12,10,2021,1,37,55,17491,454818753,61009326680567
1203,15,10,2021,19,28,78,97857,98541592,61036871205142
1204,20,10,2021,18,46,67,43944,651567350,61071469173943
1205,16,10,2021,5,13,78,77789,95144240,61073798880112
1206,19,10,2021,8,17,42,52367,95144240,61268930233203
1207,5,10,2021,2,25,60,24716,156126534,61310439910008
1208,10,10,2021,9,4,14,50312,259398851,61401592102892
1209,26,10,2021,3,44,20,17491,173062182,61445490813081
1210,13,10,2021,15,3,20,54559,499565172,61514061169360
1211,1,10,2021,4,49,44,79971,49406627,61538354186942
1212,28,10,2021,9,52,33,73884,995665771,61546745102619
1213,18,10,2021,14,24,48,86165,117184362,61742293761517
1214,7,10,2021,0,59,26,84012,756879917,61784001625599
1215,10,10,2021,11,44,77,77789,351607589,61838569763324
1216,20,10,2021,11,10,78,43976,802856871,61890492984262
1217,8,10,2021,11,8,61,30681,15734688,61920193670025
1218,7,10,2021,4,3,40,52367,584336238,62008476229533
1219,22,10,2021,8,49,54,27237,780826520,62129941974690
1220,8,10,2021,12,25,28,15512,259398851,62133750684922
1221,24,10,2021,6,18,22,71651,431449629,62149895044200
1222,30,10,2021,2,58,23,78464,49406627,62156340771593
1223,1,10,2021,0,14,48,26179,325022122,62354215040476
1224,17,10,2021,12,10,19,80958,891583849,62408098885562
1225,9,10,2021,2,33,54,76785,403074860,62527187040976
1226,24,10,2021,16,45,44,77410,875916792,62536130558370
1227,26,10,2021,1,59,40,66787,804075708,62578165650653
1228,23,10,2021,19,28,39,27237,48928421,62654928051355
1229,16,10,2021,4,9,46,52321,882283964,62664721232792
1230,25,10,2021,8,58,20,17194,779887459,62714232026113
1231,30,10,2021,12,9,41,42153,160589762,62764974894057
1232,6,10,2021,5,43,38,43944,121965159,62787759393663
1233,19,10,2021,9,0,65,17194,716598833,62832157859119
1234,20,10,2021,2,46,52,41947,591947278,62837552353394
1235,5,10,2021,20,22,73,52367,799540856,62859235702596
1236,21,10,2021,3,34,14,94173,584839483,62916090741954
1237,20,10,2021,7,25,18,27237,827915731,62959288850969
1238,1,10,2021,11,30,69,84012,139888037,63140342229889
1239,17,10,2021,0,17,47,86856,226510591,63161983696066
1240,30,10,2021,9,16,59,47508,210342063,63257476319141
1241,9,10,2021,14,40,27,61194,742122606,63347188081364
1242,25,10,2021,19,19,30,30514,217579647,63368073988576
1243,7,10,2021,14,6,15,94359,832268729,63403660550923
1244,9,10,2021,11,44,70,40286,445917978,63447711705664
1245,21,10,2021,14,40,81,84012,919496561,63481953976844
1246,14,10,2021,18,52,38,55600,268775387,63508976382056
1247,22,10,2021,11,42,13,83340,217591953,63596530134868
1248,6,10,2021,20,39,46,84012,139888037,63644283582464
1249,28,10,2021,17,43,30,49213,26192902,63656819759412
1250,12,10,2021,4,12,73,30312,967426971,63712905439833
1251,22,10,2021,15,28,15,52224,713420594,63715814390387
1252,28,10,2021,7,27,18,94173,535773301,63717464019006
1253,9,10,2021,4,13,58,13569,264583002,63747773301783
1254,24,10,2021,7,44,32,53808,275661655,63766765756885
1255,17,10,2021,16,35,54,84273,122126745,63770056546718
1256,20,10,2021,17,15,16,15512,563065152,63828705053697
1257,3,10,2021,8,59,74,48653,347934026,63887428272735
1258,25,10,2021,12,15,37,94788,289607942,63912662334752
1259,24,10,2021,4,40,66,26179,553275122,63989174151041
1260,20,10,2021,6,49,38,75340,316210244,64015790544435
1261,11,10,2021,4,4,13,79473,296464593,64023938129739
1262,8,10,2021,17,3,66,89699,74362538,64083407710272
1263,29,10,2021,1,25,70,34646,572561553,64366443101652
1264,23,10,2021,19,30,46,47508,582900164,64434919430677
1265,21,10,2021,15,46,49,17194,564890206,64502125591175
1266,23,10,2021,12,49,23,89699,169602843,64614014621397
1267,23,10,2021,6,39,40,85792,891583849,64677563969557
1268,25,10,2021,22,48,57,52995,661977170,64695881494526
1269,23,10,2021,8,31,29,99833,502746008,64698157931135
1270,4,10,2021,10,26,77,58276,87059653,64717582362832
1271,8,10,2021,18,11,23,78464,946303770,64783167060921
1272,19,10,2021,3,7,55,47508,458375400,64797833499764
1273,27,10,2021,20,28,68,14400,872804852,64823698318556
1274,4,10,2021,11,53,37,78464,243751820,64831816778198
1275,29,10,2021,5,4,30,91338,368892208,64835157135742
1276,27,10,2021,21,54,56,55600,628268024,64859472375336
1277,21,10,2021,7,43,28,66787,46347560,64875730128872
1278,27,10,2021,9,40,39,49213,763144417,64932137910649
1279,15,10,2021,3,24,78,84012,591947278,64944377764054
1280,26,10,2021,15,27,44,37224,717502586,64968733376921
1281,9,10,2021,8,27,26,54559,286293907,64991737112755
1282,15,10,2021,5,43,29,53936,751454920,65160102186843
1283,15,10,2021,3,53,53,37136,73657100,65228912163861
1284,6,10,2021,13,5,77,41947,931654549,65313124117058
1285,23,10,2021,21,34,37,98683,907110032,65328005007870
1286,7,10,2021,1,25,67,39722,267179127,65355008569645
1287,23,10,2021,13,2,69,47508,670433148,65384691671363
1288,12,10,2021,15,47,37,39722,490654290,65400736015656
1289,9,10,2021,22,32,18,85792,726978027,65403700320347
1290,22,10,2021,18,18,36,40286,780285026,65493418775260
1291,14,10,2021,12,56,24,47508,449854611,65532155327850
1292,8,10,2021,22,9,18,66979,549813385,65587582306528
1293,22,10,2021,19,43,73,77410,632874041,65700669439481
1294,1,10,2021,0,53,31,75985,64352745,65756596840086
1295,27,10,2021,8,49,77,75340,497182337,65775075713069
1296,20,10,2021,0,41,76,66979,193444699,65841295002413
1297,10,10,2021,10,41,74,92008,275661655,65854841840226
1298,21,10,2021,20,45,39,66787,523733047,65877193512438
1299,27,10,2021,14,1,74,34646,606127675,65963125593592
1300,4,10,2021,3,40,79,19724,55351975,65974448443829
1301,7,10,2021,19,8,33,54002,541790615,66042886841004
1302,6,10,2021,11,23,17,34646,280093695,66067844892557
1303,2,10,2021,11,0,57,52995,361019400,66091307780373
1304,18,10,2021,5,16,49,53551,179256100,66111441778143
1305,13,10,2021,0,13,48,66787,398398726,66193629177694
1306,25,10,2021,18,50,21,25936,272121565,66282605322649
1307,12,10,2021,12,21,32,19595,845209621,66301688634538
1308,23,10,2021,5,26,27,15512,226714859,66470125036641
1309,13,10,2021,2,43,16,86856,237499836,66482755858683
1310,22,10,2021,3,19,62,47621,919496561,66491750277945
1311,19,10,2021,20,34,15,66787,647345220,66549440155300
1312,6,10,2021,18,41,42,43944,402640928,66596551924009
1313,24,10,2021,17,17,53,69159,404846506,66604880261920
1314,19,10,2021,1,40,81,26179,23249039,66634322133338
1315,26,10,2021,1,18,28,58276,63128279,66680647942180
1316,23,10,2021,19,49,68,91338,489470337,66688535910310
1317,28,10,2021,11,10,16,10487,490654290,66688959894218
1318,7,10,2021,14,8,55,66979,724744485,66881640282395
1319,25,10,2021,0,15,39,94359,704886193,66884571973777
1320,24,10,2021,16,48,72,52367,169602843,66918857026414
1321,17,10,2021,2,18,38,37224,994488630,66927742224691
1322,14,10,2021,19,55,25,62022,605258308,66929259631202
1323,7,10,2021,22,14,80,97667,124587344,66992009490438
1324,13,10,2021,4,28,55,37224,289601152,67058302951989
1325,9,10,2021,5,28,37,52367,974834496,67070643001240
1326,3,10,2021,4,26,35,80958,204989490,67101108445562
1327,5,10,2021,7,46,57,24716,750312973,67149976544711
1328,13,10,2021,22,40,41,94173,258361756,67152174782738
1329,12,10,2021,1,23,24,84273,780285026,67152591884689
1330,24,10,2021,23,57,42,30514,572561553,67170027717530
1331,13,10,2021,4,41,55,53936,30028434,67193884435428
1332,20,10,2021,23,57,58,25936,716598833,67222961373299
1333,3,10,2021,2,14,41,97857,122755251,67225779401436
1334,23,10,2021,21,57,42,13569,258361756,67297193977832
1335,8,10,2021,16,11,73,41947,491667491,67385868347732
1336,2,10,2021,21,8,35,72295,716583890,67389760984940
1337,12,10,2021,23,58,22,37224,984927673,67445493820113
1338,29,10,2021,5,30,59,49213,95144240,67569617018112
1339,28,10,2021,9,1,57,30681,565485561,67576446407613
1340,12,10,2021,5,11,77,17666,356660638,67670034273725
1341,21,10,2021,19,30,54,29043,157739390,67698835699524
1342,28,10,2021,12,8,81,75340,120646999,67699655390081
1343,27,10,2021,9,53,58,69159,206843634,67726886025717
1344,22,10,2021,8,45,62,47508,591915698,67759187402201
1345,7,10,2021,5,29,31,48653,843906365,67795824649820
1346,22,10,2021,15,25,52,72295,238435779,67796687239438
1347,14,10,2021,21,20,32,64059,120646999,67813686369845
1348,8,10,2021,12,38,42,10487,541264015,67875215404447
1349,26,10,2021,20,54,55,71651,78030280,67925944449967
1350,16,10,2021,2,21,17,34646,241384303,67957372169699
1351,15,10,2021,19,22,50,12234,987114682,68026229588755
1352,6,10,2021,22,59,35,24716,863497278,68086376252686
1353,9,10,2021,10,16,20,41947,162978191,68107642998493
1354,26,10,2021,14,14,39,70732,712500819,68220084428460
1355,21,10,2021,3,26,15,12698,639634374,68227424540365
1356,3,10,2021,4,29,46,83340,999338525,68271369686707
1357,26,10,2021,6,35,74,77410,724744485,68313695378673
1358,1,10,2021,12,15,68,52995,289777382,68315561223559
1359,7,10,2021,4,0,74,37224,431029248,68466597452266
1360,9,10,2021,8,14,14,27237,486138803,68467873626978
1361,26,10,2021,10,38,66,94359,696092852,68492199861925
1362,16,10,2021,2,42,55,13569,798541604,68547851505940
1363,5,10,2021,3,35,17,75985,616350653,68573722023443
1364,15,10,2021,10,13,81,76076,114177832,68682836759672
1365,1,10,2021,21,1,46,27237,63199690,68696158919800
1366,9,10,2021,13,34,70,37136,542799637,68712196667800
1367,9,10,2021,13,46,20,72216,120741981,68821618155070
1368,19,10,2021,9,7,19,72007,288650367,68958630157371
1369,17,10,2021,14,19,63,70797,232980727,68983798467925
1370,28,10,2021,1,29,13,86165,519593345,69045059567670
1371,30,10,2021,19,37,14,50312,265599761,69051086067041
1372,16,10,2021,2,16,62,72216,403118981,69055079131635
1373,19,10,2021,5,43,63,77789,513593837,69057421239009
1374,23,10,2021,17,55,76,98420,226510591,69058315316000
1375,15,10,2021,20,24,14,70732,49406627,69101257877802
1376,5,10,2021,3,25,73,73566,733402386,69119812109884
1377,26,10,2021,16,15,61,34646,271128503,69218802929237
1378,10,10,2021,17,29,72,37224,565485561,69290541016710
1379,28,10,2021,19,45,54,37224,878220743,69333532222624
1380,28,10,2021,22,15,33,46930,233143711,69378472926908
1381,12,10,2021,3,23,16,94788,179256100,69380605794773
1382,26,10,2021,3,9,16,98683,600537704,69465556451791
1383,26,10,2021,14,2,20,52367,492684609,69578183764542
1384,11,10,2021,14,20,68,49213,518172413,69588213283271
1385,10,10,2021,6,26,76,47621,853685925,69617216962512
1386,24,10,2021,15,29,50,75340,584839483,69621498459061
1387,24,10,2021,21,25,48,89699,984927673,69658361424711
1388,18,10,2021,12,23,34,10487,910372330,69665009015653
1389,15,10,2021,1,6,33,89602,377842643,69697370715531
1390,8,10,2021,2,16,19,47508,464091145,69816378802753
1391,4,10,2021,23,25,57,86856,482620757,69829240661071
1392,10,10,2021,9,48,43,55412,403074860,69947530543737
1393,8,10,2021,1,30,64,86856,853685925,70016656839247
1394,5,10,2021,2,52,70,72007,371735869,70030335777557
1395,22,10,2021,5,9,17,71651,230714677,70060940094507
1396,1,10,2021,19,9,41,72797,271096947,70082634949256
1397,2,10,2021,18,31,14,53808,823830403,70112064292672
1398,6,10,2021,0,57,78,37962,499860360,70170904220598
1399,14,10,2021,20,56,68,30146,888251691,70175596060767
1400,18,10,2021,18,45,48,37224,988398369,70254415554367
1401,27,10,2021,23,19,33,41947,250740683,70265204042007
1402,26,10,2021,3,52,26,54559,680876207,70316372234415
1403,4,10,2021,1,0,41,54559,121965159,70325344029841
1404,18,10,2021,0,41,57,76076,426815055,70421991084620
1405,15,10,2021,12,48,73,71651,827915731,70486794417579
1406,23,10,2021,12,40,78,40286,510376020,70495161865855
1407,3,10,2021,14,53,60,37224,323111865,70552689822228
1408,8,10,2021,20,13,54,37253,779353856,70673256937365
1409,15,10,2021,0,53,30,72295,591915698,70691685895792
1410,16,10,2021,5,24,55,73884,577980628,70909247987194
1411,15,10,2021,1,55,80,86856,243817010,71146647941840
1412,20,10,2021,16,48,45,72797,549813385,71183728898966
1413,6,10,2021,22,50,58,37136,34466863,71191804833357
1414,15,10,2021,10,8,62,85792,680876207,71218049795164
1415,24,10,2021,13,21,26,72216,14010713,71269238302148
1416,28,10,2021,7,54,26,52367,845209621,71290091756024
1417,25,10,2021,11,38,42,83340,21178062,71338338100004
1418,26,10,2021,3,46,63,66787,835451713,71480261400757
1419,17,10,2021,23,19,12,41947,165429645,71485215591103
1420,7,10,2021,0,12,61,61300,672192038,71562637077590
1421,12,10,2021,18,46,42,54559,827915731,71579313023016
1422,2,10,2021,22,37,13,24716,73657100,71701513990559
1423,22,10,2021,1,6,77,52367,982920611,71763211948817
1424,24,10,2021,3,2,31,76785,14010713,71788231911341
1425,6,10,2021,9,46,29,13569,656605989,71819113307150
1426,30,10,2021,19,47,27,86856,713420594,71856956021882
1427,13,10,2021,0,59,73,53936,964606841,71863812087407
1428,1,10,2021,7,0,19,70797,402640928,71901946832218
1429,28,10,2021,13,34,67,83340,453809135,71949665487582
1430,11,10,2021,11,28,40,30514,55351975,71994621460177
1431,30,10,2021,10,1,39,61194,82482749,72009713998916
1432,5,10,2021,13,6,60,89699,499860360,72105591600967
1433,18,10,2021,6,27,66,17194,632874041,72108392771009
1434,24,10,2021,12,27,77,47508,426815055,72214044066926
1435,9,10,2021,0,57,80,98683,232980727,72331672695464
1436,28,10,2021,11,54,67,42153,779887459,72421694905887
1437,17,10,2021,4,12,30,52367,908139244,72433502366919
1438,25,10,2021,2,19,18,19724,955208957,72514152331800
1439,30,10,2021,19,17,54,26179,280933259,72543238525165
1440,21,10,2021,5,43,15,70797,860595446,72563486992426
1441,26,10,2021,18,15,49,53936,756879917,72592179985396
1442,23,10,2021,3,16,12,92008,778090323,72630186078014
1443,19,10,2021,11,41,51,47508,101325389,72661374981499
1444,3,10,2021,21,50,23,72007,709989593,72670034136474
1445,7,10,2021,19,45,12,89602,677434996,72698689659249
1446,9,10,2021,18,20,16,53936,839094310,72724631081411
1447,28,10,2021,6,34,79,37962,886853672,72727615379429
1448,21,10,2021,10,48,15,19595,584336238,72837926009409
1449,25,10,2021,23,15,78,12698,994754722,72929599718592
1450,22,10,2021,1,13,16,78464,361019400,72931879206431
1451,28,10,2021,21,34,21,30312,238435779,72951664607151
1452,3,10,2021,6,17,23,73566,577980628,72989586879927
1453,1,10,2021,0,38,43,37253,629097771,72993393048334
1454,12,10,2021,3,46,47,91338,964606841,73110062163856
1455,6,10,2021,7,30,70,97667,275661655,73154044476906
1456,17,10,2021,6,23,39,83340,403074860,73211470012175
1457,21,10,2021,13,21,40,37224,956287551,73240539327610
1458,21,10,2021,18,36,74,97667,661977170,73290750791312
1459,1,10,2021,15,42,24,34646,994488630,73336586907579
1460,4,10,2021,14,42,63,72216,890534058,73347303610345
1461,22,10,2021,13,57,20,84273,218847883,73384405236111
1462,30,10,2021,0,5,43,70797,617663207,73393400573305
1463,25,10,2021,6,59,22,53936,922040300,73427812950082
1464,8,10,2021,14,57,31,80958,742122606,73428739494227
1465,29,10,2021,17,31,79,98420,80362124,73445421053250
1466,7,10,2021,20,33,68,34646,688656591,73531993598539
1467,14,10,2021,3,5,60,84012,405107575,73566869134509
1468,1,10,2021,23,10,76,47508,786414752,73591178340614
1469,6,10,2021,13,24,40,37253,444457288,73719856953709
1470,2,10,2021,18,13,48,13569,955208957,73751253705441
1471,17,10,2021,6,29,36,37253,661977170,73775698225660
1472,30,10,2021,16,55,13,97667,716598833,73810418847296
1473,28,10,2021,14,47,30,66787,916784970,73816286879105
1474,16,10,2021,6,31,54,66787,890178525,73993700528406
1475,19,10,2021,9,4,72,52224,239757411,74024963193963
1476,30,10,2021,0,7,68,30514,508978954,74063296977918
1477,30,10,2021,3,16,24,94173,285722245,74066971151576
1478,6,10,2021,4,17,24,94788,825146821,74076093311819
